<?xml version="1.0"?>
<!DOCTYPE hibernate-mapping PUBLIC
    "-//Hibernate/Hibernate Mapping DTD 3.0//EN"
    "http://hibernate.sourceforge.net/hibernate-mapping-3.0.dtd" >

<hibernate-mapping>

	<class name="org.openmrs.ui.framework.UserDefinedPageView" table="uiframework_user_defined_page_view">
	
		<id name="pageViewId" type="java.lang.Integer" column="page_view_id">
			<generator class="native">
				<param name="sequence">uiframework_user_defined_page_view_page_view_id_seq</param>
			</generator>
		</id>
		
		<discriminator column="page_view_id" insert="false" />
		
		<property name="name" type="string" column="name" length="100" not-null="true" unique="true"/>
		
		<property name="templateType" type="string" column="template_type" length="50" not-null="true" />
				
		<property name="templateText" type="string" column="template_text" not-null="true" length="16777215" />
		
		<property name="uuid" type="string" length="38" unique="true" not-null="true" />
		
		<many-to-one name="creator" class="org.openmrs.User" column="creator" not-null="true" />
		
		<property name="dateCreated" type="java.util.Date" column="date_created" length="19" not-null="true"/>
		
	</class>
	
</hibernate-mapping>
